"जो सुंदर सृष्टि को हम बढ़ाते हैं,
ताकि सौंदर्य का गुलाब कभी न चला जाए,
लेकिन जैसा कि समय बढ़ता है, वैसा ही नष्ट हो जाता है,
उसका आत्म स्मृति उसके तेज़ वार्षिकानुसार हो:
लेकिन तू, अपनी रोशनी से अपनी आंखों को संकुचित करके,
अपनी प्रकाश की आँधी को स्व-सामर्थ्य से भरने के लिए,
जिससे अधिप्ति हो, वहां समृद्धि है,
अपने स्वयं को, अपनी मिठास को अधिक क्रूरता में:
तू जो अब दुनिया की ताजगी से सजीव कला है,
और बज़ार के उत्सव के लिए केवल संदेशवाहक है,
अपने स्वयं की बुँद में अपनी संतुष्टि दबा रहा है,
और, कोमल ब्रह्मचारी, धन को दरिद्रता में कच्चा करता है।
  संतुष्ट करो दुनिया को, या फिर इस लालसा करो,
  दुनिया को खाने के लिए, कब्र और तुम्हारे द्वारा, दोनों।"
"जब चालीस सर्दियां तुम्हारी भूमि को घेर लें,
और सुंदरता के क्षेत्र में गहरी खाईयों में खुदाई करें,
तुम्हारे युवा की घमंडपूर्ण लिवरी, जो अब देख रहे हैं,
एक फटे हुए कपड़ा होगा, छोटे मूल्य के होगा:
फिर पूछा जाएगा कि तुम्हारी सभी सुंदरता कहाँ है,
तुम्हारे युवा दिनों के सभी संपत्ति कहाँ हैं,
अपने गहरे डूबे हुए आंखों के भीतर कहां,
एक खाती हुई शर्म और बेकार प्रशंसा कहा जाएगा।
तुम्हारी सुंदरता की उपयोग करने पर कितनी अधिक प्रशंसा है,
अगर तुम कह सकते थे 'मेरे इस सुंदर बच्चे ने
मेरी गिनती करेगा और मेरा पुराना बहाना बना देगा,'
उसकी सुंदरता को परक्रिया करके अपना अभियां बना दिखाने के लिए!
  यह तुम्हारी जो होना था, जब तुम बुढ़ा हो जाओ,
  और तुम्हें ठंडा महसूस होता है, जब तुम्हें यह महसूस होता है।"
"किस प्रकार हो सकता है कि मैं खुश परिस्थिति में लौटूं,
जिसमें मुझे विश्राम का लाभ नहीं मिला है?
जब दिन की दबावण हो रात से सुधार नहीं,
लेकिन रात से दिन, और रात से दिन, परेसिड:
और प्रत्येक, हालांकि एक दूसरे के शासन के लिए दुश्मन हैं,
मुझे ये इकट्ठा करने के लिए हाथ मिलाएं,
एक कर के कष्ट, दूसरे को शिकायत करने के लिए,
कितना दूर मैं तुम्हें से शिकायत कर रहा हूँ।
मैं दिन को कहता हूं, उन्हें खुश करने के लिए कि तुम उज्ज्वल हो,
और जब बादल आसमान को मिटा देते हैं, तो उन्हें अनुग्रह करता हूं;
तो मैं स्वार्थ-रंगिन रात को ढ़कता हूं,
जब चमकीले तारे तुम में नहीं ब्लॉट करते हैं शाम।
  लेकिन दिन दिनांक धीरे से मेरी दुखी लंबी करता है,
  और रात रात बर्बादी की शक्तिस्थान को और मजबूत बनाती है।"
"जब चालीस सर्दियां तुम्हारी भूमि को घेर लें,
और सुंदरता के क्षेत्र में गहरी खाईयों में खुदाई करें,
तुम्हारे युवा की घमंडपूर्ण लिवरी, जो अब देख रहे हैं,
एक फटे हुए कपड़ा होगा, छोटे मूल्य के होगा:
फिर पूछा जाएगा कि तुम्हारी सभी सुंदरता कहाँ है,
तुम्हारे युवा दिनों के सभी संपत्ति कहाँ हैं,
अपने गहरे डूबे हुए आंखों के भीतर कहां,
एक खाती हुई शर्म और बेकार प्रशंसा कहा जाएगा।
तुम्हारी सुंदरता की उपयोग करने पर कितनी अधिक प्रशंसा है,
अगर तुम कह सकते थे 'मेरे इस सुंदर बच्चे ने
मेरी गिनती करेगा और मेरा पुराना बहाना बना देगा,'
उसकी सुंदरता को परक्रिया करके अपना अभियां बना दिखाने के लिए!
  यह तुम्हारी जो होना था, जब तुम बुढ़ा हो जाओ,
  और तुम्हें ठंडा महसूस होता है, जब तुम्हें यह महसूस होता है।"
"हे खुदा की कसम, बचपन की छवि तुम्हारी,
बचपन की शोभा यहाँ तक बहुत की जाए,
समय के साथ तुम्हारी खूबसूरती रूखी,
तुम्हारे सुनहरे दिनों की बर्बादी आए।

तुम, जो अब धरती की नई सजगता हो,
और बहार के बजाय खुद को दफन करते हो,
तुम्हारे अंदर के बुड़बुड़ाहट को दबा कर,
स्वीकार करो, या फिर यह भूखा रहना चाहो।

तुम जो अब विश्व की नई सजीव रूपरेखा हो,
और केवल बसंत के लिए एक मूर्तिकारी,
अपने ही को गोंद करते हो बुड़बुड़ाने में,
और, कमजोर, अपनी धन्यता को खोजते हो।

  दया करो इस जगह से, या यह लालची बनो,
  विश्व की यात्रा को खा लो, या ग्रेव और तुम।"
"तो फिर जबरा की उबाड़ती आँखों से न बिगाड़,
तू अपने बरसाती समय की ख़ुशबू पर समर्थ होने से पहले ही।
कोई विषादी जगह बना ले, कहीं कोई गुणवत्ता की क़ीमत जमा कर ले,
जिसे सुंदरता की ख़ज़ाना कहा जाए, जब तक वह स्वयं-हत्या नहीं कर लेगा।

ऐसा उधार लेना जिसे रुद्द किया नहीं गया है,
जो खुशी देने वाले को खुश करता है जो इच्छुक ऋण चुकता करता है;
वह तेरे लिए नहीं, बल्कि एक और तुझे पैदा करने के लिए है,
या दस गुण खुशियों से यदि यह एक के लिए दस हो।

यदि दस बार अपना स्वयं होता तो तू वहाँ भी खुश होता,
यदि तेरी दस बार स्वरूप दोबारा रूपांतरित होतीं;
तो मौत क्या कर सकती थी अगर तू चला जाता,
तुझे अपनी उत्तरदाता में जीतने के लिए छोड़कर?
  स्वयं को इच्छा न कर, क्योंकि तू बहुत ही सुंदर है,
  की मौत की जीत नहीं, कीड़ों को अपने विरासतदार बनाए।"
"जब तेरी ठंडी सी बौराई यों ही न छू जाए,
तुझमें उस गर्मी को संदूरित करना।
किसी शीशी में मिठास डाल, कहीं कोई जगह क़ीमती कर,
सुंदरता की खज़ाना, जब तक वह स्वयं-हत्या नहीं कर लेती।

वह उपयोग जो निषेध के अधीन नहीं है,
जो खुश होने वालों को आशीर्वादित ऋण चुकता है;
तुझसे एक और तुझसे दूसरा बनाने के लिए,
या दस बार खुश होने वाला, यह दस बार एक के लिए हो।

यदि तू दस बार खुश होता है तो तू है कि तू था,
यदि तू कई बार दूसरों की तरह होता है;
तो यदि तू जाता है, तो मौत क्या कर सकती है,
तुझे जीवन में अपना छोड़कर।
  स्वयं इच्छा न कर, क्योंकि तू बहुत ही सुंदर है,
  मौत का विजयी नहीं बन सकता और कीड़ों को अपना उत्तरदाता बना सकता है।"
"सुनने के लिए संगीत, क्यों सुन रहा है तू संगीत को उदासीनता से?
मिठासें मिठासों से लड़ती नहीं हैं, ख़ुशी ख़ुशी में आनंदित है।
क्यों प्यार करता है तू वह जिसे तू खुशी से नहीं प्राप्त करता,
या फिर खुशी से अपने कष्ट को प्राप्त करता है?

अगर सुरों की सच्ची मेल में,
जो संगत की गई हैं, तेरे कान को आपत्ति में डालती हैं,
तो वे बस मिठास से तुझे डांट रहे हैं, जो बिखर गया है
एकता में, वे अंश हैं जो तू उठाना चाहिए था।

ध्यान से देख कैसे एक तारा, दूसरे के लिए स्वीट पति,
मिलता है, हर एक में यादृच्छिक आदेश से;
एक पिता और बच्चा और खुश माँ की तरह,
जो सभी एक में, एक प्रिय सुर गा रहे हैं:

  जिनका अनुमोक्ष गाना, बहुत, एक जैसा लगता है,
  यह तुझे यह कह रहा है: 'तू एकल होकर किसी को सिद्ध नहीं करेगा।'"
"पुराने कर्तव्यों को छोड़, मेरे प्यार,
ताकि तू नए कर्तव्यों की ओर बढ़ सके।
तू मेरी ख़ास इच्छा है, मेरी आनंद,
तू है वह सुंदर छवि जिसे मैं बनाना चाहता हूँ।

तू है मेरी सुंदरता की विरासत,
मेरी आत्मा का आधार और समृद्धि की स्रोत।
तू मेरा जीवनदाता है,
जो मेरे जीवन को सजीव बना रहा है।

तू एक अद्वितीय साथी है,
जिसकी तुलना कोई नहीं कर सकता।
तू मेरे सब कुछ है,
जिस पर मैं अपनी सारी आस्था रखता हूँ।

  तू है शक्ति जो मुझे बनाए रखती है,
  तू है मेरा प्रेरणा स्रोत जो मुझे बढ़ावा देता है।"
"तू इच्छा नहीं करता कुछ करने की,
तेरी बढ़ती हुई सुंदरता अनगिनत कहानियाँ कहती है।
तू है एक अद्वितीय कला, एक बेजोड़ बहुमुखी,
जो बीते और आने वाले समय की अनगिनत कहानियाँ कहता है।

तेरे चेहरे की खोज में, मैं देखता हूँ,
अगले कविता का पन्ना जिसमें तू है;
तेरी छाया में, जीवन की खोज में,
मैं हर पल तुझे महसूस करता हूँ।

क्योंकि अगर तू यह कहता है कि तू कुछ नहीं है,
जो कुछ है तू कहता है कि तू एक है;
तू है मेरा सुंदरता, मेरी विरासत,
जो मेरी कहानी को सच बनाए रखता है।

  तेरी सुंदर छवि, जो किसी की भी तुलना में नहीं,
  सदैव जीवन में बनी रहेगी, मेरी कल्पना में नहीं।"
"तू लाइफ की धूप, जो उसके ताज़ है,
जिसे तारे तुझसे ही बहुत हैं उच्चतम।
तू वक़्त के समर्थन की खोज में है,
जो अनंत काल को तकरीबन नहीं है।

तू सौंप सकता है अपने चेहरे की छाया को,
जिसमें सब कुछ है, आदि और अंत भी;
तू अपने स्वयं को सच्चाई की ऊँचाईयों पर पहुँचा सकता है,
जहाँ सभी समय का सारा समर्थन है और वह सभी है।

तू आदिकाल से है और सदा रहेगा,
तू समझाता है कि समय कैसे काम करता है।
तू सर्वशक्तिमान है, अज्ञेय और अनंत,
जिसकी सृष्टि ने सारे जीवन को बनाया है।

  तू समय का मालिक है, और आदि से लेकर अंत तक,
  सभी कुछ है, और सभी चीजें हैं तू ही।"
"जब मैं समय को गिनता हूँ जो समय बताता है,
और देखता हूँ शूरवीर दिन जो डूबा है भयानक रात में;
जब मैं देखता हूँ वायलेट जो प्रधान है,
और काले बाल, जिन्हें सफेद से ढ़का गया है;

जब मैं ऊच्च वृक्षों को देखता हूँ पत्तियों से रूखे,
जो पहले गर्मी से बच्चों को छाया करते थे,
और गर्मी का हरा धरा है सिर में बंधा हुआ,
जिसे सफेद और कटु दाढ़ी के साथ पुश्टि की जाती है,

तब मैं तेरी सुंदरता की सवालचेनी करता हूँ,
कि तू समय की बर्बादी के क्षेत्र में जाना है,
क्योंकि मिठाई और सौंदर्य खुद को छोड़ देते हैं,
और वे उतनी तेजी से मरते हैं जितनी वे दूसरों को बढ़ते हैं;

  और समय के काटे के खिलाफ कुछ नहीं किया जा सकता
  केवल उत्पन्न, जब वह तुझे यहाँ ले जाता है।"
"ओ! कि तुम खुद को खुद होते, पर, प्रेम तुम हो
नहीं रहता तुम्हारा खुद होता है, जब तुम यहाँ जीते हो:
इस आने वाले अंत के खिलाफ तुमको तैयारी करनी चाहिए,
और तुम्हारी मिठास और किसी और को देनी चाहिए:
ताकि जो सौंदर्य तुम पर इजादा करता है
उसे कोई निर्धारण न मिले; तब तुम थे
फिर से खुद, अपने धृत्यु के बाद,
जब तुम्हारा मिठा नतीजा तुम्हारी मिठी रूप को बोरना चाहिए।
जो इस कदाचित गिराने देता है, एक इमारत को अस्त-व्यस्त करना,
जिसे इजजत में कृषि कर सकती थी,
शीतकाल के तूफानी उड़ानों के खिलाफ
और मौत की शांतिरहित ठंडक के उग्र क्रोध के खिलाफ?
  ओ! केवल अपरिष्कारी। प्रिय मेरे प्रेम, तुम जानती हो,
  तुम्हारा एक पिता था: तुम्हारे बेटे को यह कहने दो।"
"तारों से मेरी न्याय की ओर मेरा निर्णय नहीं करता,
और फिर भी मेरे ख्याल में मैं खगोलशास्त्र हूं;
लेकिन न किसी भले या बुरे भाग की बात करने के लिए,
आपदाओं, भूकम्पों, या मौसम की गुणवत्ता की;

न तो मैं भविष्य को संक्षेप में कह सकता हूं भाग्य को,
हर किसी को उसके बिजली, बारिश और हवा की दिशा बता रहा हूँ,
या कह सकता हूँ कि क्या राजाओं के साथ यह ठीक होगा
बार-बार भविष्यवाणी करता हूँ कि मैं स्वर्ग में पा रहा हूँ:
लेकिन तुम्हारी आँखों से मेरी ज्ञान लेता हूँ,
और, स्थिर तारे, मैं उनमें ऐसी कला पढ़ता हूँ
जैसे सच्चाई और सौंदर्य साथ में बढ़ेगा,
अगर तुम खुद से, भंडार के लिए तुम करना चाहते हो;
  या फिर तुझसे यह मैं अंगक्षेपित करता हूँ:
  तुम्हारा अंत सत्य और सौंदर्य की क़ज़ा और तारीख़ है।"
"जब मैं हर चीज़ को ध्यान से देखता हूँ
कि यह संपूर्णता में बस एक छोटे समय के लिए है,
कि इस विशाल मंच पर कुछ भी दिखाई नहीं देता है
जिस पर तारे गुप्त प्रभाव में टिप्पणी करते हैं;
जब मुझे यह अनुभव होता है कि लोग पौधों की तरह बढ़ते हैं,
उन्हें उसी आकाश द्वारा हंसी और आघात करते हैं,
जिसमें उनकी युवा रस की जोरदार उत्तेजना होती है, ऊँचाई कम होती है,
और उनकी बहादुर स्थिति भूल में हो जाती है;
तब इस अस्थायी रहने का अवधारण
तुम्हें मेरी दृष्टि में सबसे धनी बनाता है,
जहां बर्बाद हो रहा समय पुष्प मिलता है
तुम्हारे युवा दिन को काले रात में बदलने के लिए,
  और सभी समय के खिलाफ तुम्हारे प्रेम के लिए,
  जैसे वह तुमसे छीनता है, मैं तुम्हें नया उपकरण करता हूँ।"
"लेकिन आप इस रक्तस्त्री के खिलाफ एक शक्तिशाली तरीके से
क्यों नहीं युद्ध करते हैं, समय के इस रक्तस्त्री के खिलाफ?
और अपने बर्बाद हो रहे स्वयं को सजाने
उससे अधिक धन्यवादी साधनों के साथ, जो मेरी बंजर कविता से हैं?
अब तुम खुशहाल घंटों की चोटी पर खड़े हो,
और कई कन्या बगिचे अब तक बना है,
सात्विक इच्छा के साथ तुम्हें जीवंत फूल उगाना चाहिए,
तुम्हारे रंगीन नकल से कहीं अधिक;
तो जीवन की रेखाएँ उन्हें जीवन की मरम्मत करें,
जो इस, समय की पेंसिल, या मेरी छात्र पेन,
ना आंतरिक मूल्य में, ना बाह्य सुंदर में,
तुम्हें लोगों की आँखों में अपने आप जीने नहीं बना सकते हैं।
  खुद को देने के लिए, खुद को बस तुम रखो,
  और तुम्हें जीवन बिताना है, अपने खुद के मिठे कौशल से खींचा जाना।"
"कौन मेरी पंक्तियों को आने वाले समय में विश्वास करेगा,
अगर इसमें तुम्हारी सर्वोच्च प्रशंसाओं से भरा हो?
हालांकि ईश्वर जानता है कि यह केवल एक मकबरा है
जो तुम्हारे जीवन को छुपाता है, और तुम्हारे सभी हिस्सों को दिखाता नहीं है।
अगर मैं तुम्हारी आंखों की सुंदरता को लिख सकता,
और तुम्हारी सभी श्रृंगारों को ताजगी से गिन सकता,
तो आने वाली युग कहेगा 'यह कवि झूठा है;
ऐसी दिव्य स्पर्श कभी पृथ्वीलिंगों को नहीं मिले हैं।'
तो मेरे कागज़, जिनकी आयु से पीला हो गया है,
उन्हें बुजुर्गों की तरह तुच्छित किया जाएगा, जो जीभ से कम सत्य हों,
और तुम्हारा सच्चा अधिकार को कवि के क्रोध कहा जाएगा,
और पुराने गीत के विस्तृत छंद:
  लेकिन यदि तुम्हारा कोई बच्चा उस समय जीवित होता है,
  तो तुम उसमें और मेरे रचना में दोबारा जीते होते।"
"क्या मैं तुझे एक गर्मी के दिन की तुलना करूँ?
तू अधिक प्रिय और अधिक सामंजस्यपूर्ण है:
सख्त हवाएँ मई के प्यारे बटनों को हिला देती हैं,
और गर्मी की अवधि का समय बहुत छोटा है:

कभी-कभी आसमान की आंख बहुत गरम चमकती है,
और अक्सर उसका सोने का रूप धूप हो जाता है;
और हर सुंदरता से कभी-कभी कमी होती है,
किसी या प्राकृतिक परिवर्तन के अतीत के रूप में;

लेकिन तुझे शाश्वत गर्मी कभी नहीं होगी,
न तू उस सुंदरता को खोएगा जो तुझे है;
न यही कहेगा मौत कि तू उसकी छाया में घूम रहा है,
जब समय के लिए शाश्वत रेखाओं में तू बढ़ता है:

  जब तक लोग सांस ले सकते हैं या आँखें देख सकती हैं,
  तब तक यह जीवित रहेगा, और यह तुझे जीवन देगा।"
"समय, तू शेर के पंजे को कुंजील कर दे,
और पृथ्वी को उसके स्वयं मिठे संतानों को खा जाने दे;
कठिन बच्छे के दांत उगल ले, क्रूर बाघ के जबड़े से,
और उसके रक्त में दीपांतर में जला दे;

जैसे तू फिरता है, खुश और दुःखद ऋतुएँ बना दे,
और जो भी तू चाहे कर, चलते कदम समय,
सम्पूर्ण विश्व और उसकी सभी बिखरती मिठासों के लिए;
लेकिन मैं तुझे एक अत्यंत घोर अपराध से रोकता हूँ:

ओ! तेरी घड़ियालों से मेरे प्रेम की सुंदर चोटी को न काट,
न तू वहां अपनी पुरानी कलम के साथ कोई रेखाएँ बना;
उसे तेरे पथ में अविकृत कर दे
सुशीलता के उदाहरण के रूप में आने वाले लोगों के लिए।

  फिर भी, कर ले अपना सबसे खराब समय: तेरी ग़लती के बावजूद,
  मेरा प्रेम मेरी कविता में हमेशा ताजगी से जीवित रहेगा।"
"एक महिला का चेहरा प्राकृतिक स्वयं के हाथ से बनाया गया है
तुमने, मेरे प्रेम के प्रमुख-पति;
एक महिला का कोमल हृदय, लेकिन नहीं मिला
बदलते रूप, जैसा कि झूठे स्त्रीयों का फैशन है:
उनकी से अधिक चमकती आंख, लेकिन उनके झूठे घूमने में कम,
जिस पर यह जल्दी है वह ब्यूटी को चाँदनी देना;
रंग में एक पुरुष, उसके नियंत्रण में सभी 'रंग',
जो आदमियों की आंखें और स्त्रीयों की आत्माएँ आश्चर्यचकित करती हैं।
और एक महिला के लिए तुम पहले बनाए गए थे;
तब प्राकृतिकता, जैसे ही वह तुम्हें बना रही थी, भटक गई थी,
और जोड़कर मुझसे हार गई थी,
मेरी दृष्टिकोण को कुछ करके न करके बढ़ाकर।
  लेकिन क्योंकि उसने तुम्हें स्त्रीयों के आनंद के लिए उठाया था,
  मेरा प्रेम और तुम्हारे प्रेम का उपयोग उनकी धनी है।"
"तो मेरे साथ वैसा नहीं है जैसा उस कवि के साथ है
जिसने अपनी कविता के लिए एक रंगीन सौंदर्य को उत्तेजित किया है,
जो स्वर्ग स्वयं सजाने के लिए काम में लेता है,
और हर सुंदरता को अपने सुंदर से बार-बार करता है;
अपने स्वीकृति के साथ एक ताक़ती संबंध बनाना,
सूरज और चंद्रमा के साथ, पृथ्वी और समुद्र के समृद्धि रत्नों के साथ,
अप्रैल के पहले जन्मे फूलों के साथ, और सभी चीजें दुर्लभ हैं
जो स्वर्ग का वायु इस बड़े वृत्त में बंधी है।
ओ! आइए मुझे, प्रेम में सच्चे, लेकिन सच्चे रूप से लिखने दो,
और फिर मुझ पर विश्वास करो, मेरा प्रेम किसी भी मां के बच्चे की तरह है,
जो कि इतना चमकदार नहीं है जितना कि स्वर्ग के वायु में फिक्स किए गए वहाँ
  जो अच्छी बातें कहते हैं जो अच्छी बातें पसंद करते हैं;
  मैं उसे नहीं प्रशंसा करूंगा जो उद्देश्य को नहीं बेचता है।"
"मेरी चादर मुझे यह नहीं मनाएगी कि मैं बूढ़ा हूँ,
तब तक जब तक युवा और तू एक ही दिन की हो;
लेकिन जब मैं तुझमें समय की गहरी छालें देखता हूँ,
तब मैं मौत को देखता हूँ जो मेरे दिनों का प्रायश्चित करेगी।
क्योंकि तू में वह सभी सुंदरता जो है,
सिर्फ मेरे दिल के सुबीजी वस्त्र है,
जो तुझे ब्रेस्ट में रहता है, जैसा कि मेरा मुझमें;
फिर मैं तुझसे बड़ा तो कैसे हो सकता हूँ?
ओ! इसलिए प्रेम, अपने आप से सतर्क रहो,
जैसा कि मैं, न कि मेरे लिए, बल्कि तेरे लिए हूँ;
तेरे दिल को सहता हूँ, जिसे मैं इतना सावधानी से रखूंगा
जैसा कि कोई कुशल नर्स अपने शिशु को बुराई से बचाए।
  जब मेरा दिल मारा जाए तो अपने दिल पर धारा न करो,
  तूने मेरे को अपना दिया, वापस नहीं करने के लिए।"
"जैसे कि एक अधूरे अभिनेता जो मंच पर,
जिसे उसके भय ने उसकी भूमिका के पास रख दिया है,
या कुछ जोशीली वस्तु जो बहुत रोष से भरी होती है,
जिसकी शक्ति की प्रचुरता उसके ख़ुद के दिल को कमज़ोर कर देती है।

तो मैं, विश्वास के भय से, भूल जाता हूँ कहना
प्रेम के अनूप कर्मकांड को,
और अपने ही प्रेम की शक्ति में कमजोर लगने लगता हूँ,
अपने ही प्रेम की ताक़त के बोझ से लदा हुआ।

ओ! तब मेरे दृष्टि हो जाएँ उस अभिवादन की
और मेरी बोलती हुई छाती के मूढ़ संकेतकार,
जो प्रेम के लिए प्रतिष्ठा करते हैं, और पुरस्कृति की अपेक्षा करते हैं,
उस जीभ से जो अधिक व्यक्त करती है।

  ओ! सीखो यह कैसे की सूची गई चुप्पी को:
  आँखों से सुनना प्रेम की शानदार बुद्धिमत्ता का हिस्सा है।"
"मेरी आँख ने रंगारूपकार की भूमिका निभाई है और स्थापित की है,
तेरी सुंदरता का रूप मेरे दिल की तालिका में;
मेरा शरीर है वह फ़्रेम जिसमें यह रखा गया है,
और उदारदृष्टि जो सबसे अच्छे रंगारूपकार की कला है।

क्योंकि रंगारूपकार के माध्यम से तुम्हें उसकी कला दिखनी चाहिए,
ताकि तुम्हें यह पता चले कि तुम्हारी सच्ची छवि कहाँ चित्रित है;
जो मेरे हृदय की दुकान में अब भी लटका हुआ है,
जिसमें तेरी आंखों से सजे हुए खिड़कियाँ हैं।

अब देखो कि आंखों ने आंखों के लिए क्या अच्छा किया है:
मेरी आंखों ने तुम्हारे आकार को बनाया है, और तुम्हारे लिए मेरे लिए
मेरी छाती की ओर खिड़कियाँ हैं, जिससे सूर्य
खिड़की में झाँकने का आनंद लेता है, तुझपर देखने के लिए;
  तथापि इस कला को श्रृंगार देने की इच्छा है,
  वे केवल वह बनाते हैं जो वे देखते हैं, दिल को नहीं जानते।"
"वे जो अपने नक्षत्रों के साथ प्रिय हैं,
जन सम्मान और गर्वनीय उपाधियों का गर्व करें,
जबकि मैं, जिसको इस प्रकार की जीत की नसीब नहीं है,
उन्नति में उस चीज में अनपेक्षित आनंद है जिसे मैं सबसे अधिक मानता हूँ।

महाराजों के पसंदीदा अपने सुंदर पत्तियाँ छोड़ते हैं
लेकिन सूर्य की आंख में गेंदा की तरह,
और उनमें उनका गर्व दफन है,
क्योंकि एक मुस्कान पर वे अपने महिमा में मर जाते हैं।

योद्धा, जो युद्ध के लिए प्रसिद्ध है,
हजारों जीतों के बाद, एक बार हारा हुआ,
उनके सम्मान की किताब से पूरी तरह से मिटा दी जाती है,
और जिसके लिए उसने प्रयास किया, वह सब भूल जाते हैं:

  तब मैं खुश हूं, जो प्रेम करता हूं और प्रेम में हूं,
  जहां मैं हटा नहीं सकता और हटाया नहीं जा सकता।"
"मेरे प्रेम के भगवान, जिन्हें गुलामी में
तेरी महत्वकांक्षा ने मेरी कर्तव्य को मजबूती से जोड़ा है;
तुझे इस लिखित दूतावास में भेजता हूँ,
कर्तव्य को साक्षात न करने, मेरी बुद्धिमत्ता दिखाने के लिए नहीं।

कर्तव्य इतना महान, जिसे मेरी तरह शब्द कम
इसे दिखाने के लिए नग़ार, इसे दिखाने के लिए,
लेकिन मैं उम्मीद करता हूं कि तुम्हारे अच्छे विचार
तुम्हारी आत्मा के विचार में, सभी नंगे, उसे प्रदान करेंगे:

जब भी मेरे चलन का कोई तारा हो,
श्रीगणेश के साथ कृपाशील रूप से,
और मेरे फटे हुए प्रेम पर वस्त्र डालता है,
मुझे अपने मिठे सम्मान के लायक दिखाने के लिए:

  तब मैं यह कहने का हिम्मत कर सकता हूं कि मैं तुमसे कैसे प्रेम करता हूं;
  तब तक, मेरा सिर न दिखाऊं, जहां तू मुझे परीक्षण कर सकता है।"
"थका हुआ काम से, मैं अपने बिस्तर की ओर बढ़ता हूं,
यह प्रिय विश्राम थके हुए साँस के लिए;
लेकिन तब मेरे मस्तिष्क में एक यात्रा शुरू होती है,
मेरे मन का काम, जब शरीर का काम समाप्त होता है:

क्योंकि फिर मेरे विचार, जहाँ से मैं रहता हूँ,
तुझसे मिलने के लिए एक उत्सुक तीर्थयात्रा करना,
और मेरी झुरी हुई पलकें खुली रहती हैं,
अँधेरे पर देख रहा हूँ जो अंधे देखते हैं:

केवल इस बात से कि मेरी आत्मा की काल्पनिक दृष्टि
मेरी दृष्टि को मेरी दृष्टि से दृश्य में प्रस्तुत करती है,
जो, जैसे कि भूत रात में लटका हुआ,
काली रात को सुंदर बनाता है, और उसका पुराना चेहरा नया बनाता है।

  देखो! इस प्रकार, दिन में मेरे अंग, रात में मेरा मन,
  तेरे लिए, और अपने लिए, शांति नहीं पाते हैं।"
"तब मैं कैसे खुश विराम में लौट सकता हूं,
जो आराम का लाभ बंद कर दिया गया है?
जब दिन की दुर्बलता रात से धीरे-धीरे नहीं होती है,
लेकिन दिन से रात, और रात से दिन, दुखित हूँ?

और प्रत्येक, हालांकि एक दूसरे के शासन के दुश्मन हैं,
सहमति में मेरे साथ हाथ मिलाकर मुझे कष्ट पहुँचाते हैं;
एक पर कष्ट, दूसरे पर शिकायत करने के लिए
मैं जितना भी कष्ट हो, तुझसे और दूर हूँ।

मैं दिन को कहता हूं, उन्हें खुश करने के लिए तुम उज्ज्वल हो,
और जब बादल आकाश को छुपा लेते हैं, तब वह उसे श्रृंगारित करता हूं:
तो मैं रात को स्वार्थ-रंगीन बनाता हूं,
जबकि चमकीले तारे मुझसे झिलमिल नहीं करते हैं, तुम शाम को सजाते हो।

  लेकिन दिन दिनांक मेरी दुःख को और बढ़ाता है,
  और रात रात भर दुःख की लंबाई को मजबूत बनाती है।"
"जब, भाग्य और लोगों की नज़र में अपमान होता है,
मैं अकेला अपनी निर्वासन स्थिति को रोता हूँ,
और अपनी बेनियाज़ी की बेकार क़्लेम से ब्रह्मण करता हूँ,
और खुद पर देखता हूँ, और अपनी किस्मत को शापित करता हूँ,

अपने आप को एक आशा में और धनी की तरह चाहिए,
जैसा कि उसके साथ चित्रित है, उसके जैसा,
इस आदमी की कला की इच्छा है, और उस आदमी की राह,
जिसके साथ मैं सबसे अधिक आनंदित हूँ, सबसे कम।

तब इन विचारों में खुद को लगभग तिरस्कृत करते हुए,
हापली, मैं तुझपर सोचता हूँ— और तब मेरी स्थिति,
ब्रह्मण के द्वार पर हिम्स गाते हुए उठते दिन की तरह
धूप के सुदृढ़ धरती से, यह गाती है:

  क्योंकि तेरे मिठे प्रेम को याद करने से ऐसा धन लाया जाता है
  कि फिर मैं राजाओं के साथ अपनी स्थिति को बदलने से इनकार करता हूँ।"
"जब मीठे शांत विचारों की सभा में
मैं गुजरे हुए बातों की याद को बुलाता हूँ,
मैं बहुत सी बातों की कमी का शोक करता हूँ,
और पुराने दुखों के साथ अपने प्यार के समय की बर्बादी की रोद रहता हूँ:

तब मैं एक आँख को डूबा सकता हूं, जो बहती नहीं है,
कुन्दनीय दोस्त मौत की अविरत रात में छुपे हुए,
और पुनः नए तौर से प्यार की दुखद दु:ख कर सकता हूँ,
और बहुत सी गायब दृष्टि की लागत पर दु:ख कर सकता हूँ:

तब मैं पूर्वगत अपराधों पर दु:ख कर सकता हूँ,
और दुःख से दुःख की गिनती को भारी कर सकता हूँ
पूर्व-शोक की दुखद गणना,
जिसे मैं नया भुगतान करता हूँ जैसे कि पहले नहीं किया गया हो।

  लेकिन यदि वही समय मैं तुझे सोचता हूँ, प्रिय मित्र,
  तो सभी हानियाँ पुनः प्राप्त होती हैं, और दुख समाप्त होता है।"
"तेरा छाती सभी हृदयों से प्रिय है,
जिन्होंने मुझे कमी करते हुए मृत्यु समझा है;
और वहाँ प्रेम राज करता है, और सभी प्रेम के प्रिय हिस्से,
और वह सभी दोस्त जो मैंने दफन होने का ख्याल किया था।

कितने ही पवित्र और श्रद्धांजलि आँसू
ने मेरी आँख से प्यारे धार्मिक प्रेम को छीना,
मृतक का ब्याज, जो अब प्रकट होता है
लेकिन वे चीजें जो तुझमें छुपी हुई हैं!

तू वहाँ समय की जिंदा होने वाली कब्र है,
मेरे चले गए प्रेमीयों के झंडे लटके हुए,
जिन्होंने अपने सभी हिस्से तुझे दिए;
उनका बहुत का अब तेरा है एकमात्र:

  उनकी छवियाँ जिन्हें मैंने प्रेम किया, मैं तुझमें देखता हूँ,
  और तू, सभी वे, मेरे सभी कुछ है।"
"यदि तू मेरे अच्छे संतुष्ट दिनों को बचा ले,
जब वह अजीब मौत मेरी हड्डियों को धूल से ढ़क देगी,
और भाग्य से एक बार फिर से यह रिव्यू करेगी
तेरे मृत प्रेमी के इन गरीब कस्तूरियों को,

उन्हें समय की बेहतरीनी से तुलना करो,
और यदि वे हर कलम से पीछे रह जाएं,
तो उन्हें मेरे प्रेम के लिए रखो, न कि उनकी छंद के लिए,
खुशहाल लोगों की ऊँचाई के द्वारा पार किए जाते हैं।

ओ! तब मुझे बस इस प्रेम भावना को स्वीकृति दे:
'क्या मेरे दोस्त की म्यूज़ इस बढ़ती हुई आयु के साथ बढ़ गई होती,
तो इसका प्रेम इसके प्यार ने लाया होता,
बेहतर सज्जा के पंक्तियों में मार्च करने के लिए:

  लेकिन क्योंकि उसने मर गया है, और कवियों ने बेहतर साबित किया है,
  उनके लिए मैं उनके शैली को पढ़ूंगा, उनके प्रेम के लिए नहीं।'"
"मैंने बहुत सुंदर सुबहें देखी हैं
राजा आंखों से पहाड़ों को छलकाते हुए,
हरित मैदानों को स्वर्ण चेहरे से चुमते हुए,
दिव्य रसायन से निकली पीली धाराओं को सजाते हुए;

फिर उसे अधम बादलों को अनुमति देना
उसके आकाशीय चेहरे पर बुरे रैक के साथ,
और उसने विहीन दुनिया से अपने मुख छुपा लिया,
इस अपमान के साथ पश्चिम की ओर छुप जाना:

उसी तरह मेरा सूरज एक सुबह एक बार चमका था
अपनी सभी-विजयी भवन की चमक से मेरे माथे पर;
लेकिन ओह! हे! उसका केवल एक घंटा मेरा था,
क्षेत्र के बादल ने अब मुझसे उसे ढ़क लिया है।

  फिर भी इसके लिए मेरा प्रेम उन्हें कोई भी ठुकराहट नहीं करता है;
  जब आसमान का सूरज अपमानित होता है, तो दुनिया के सूरज भी समलैंगित हो सकते हैं।"
"तू ने ऐसा भव्य दिन क्यों वादा किया,
और मुझे अपनी रोज़ बिना सूट निकलने के लिए कहा,
बेस क्लाउड्स ने मेरे रास्ते में मेरे साथ हो लिया है,
उनकी सुशील धूप को उनकी कुड़ी हुई धूप में छुपा करता है?

यह काफी नहीं है कि तू बादल को चीर कर गुजारा कर,
मेरे बर्फीले चेहरे पर बर्फ को सुखाने के लिए,
क्योंकि इस तरह का कोई भी औषधी से ठीक कर सकता है,
जो घाव को भरता है, और कलंक को ठीक नहीं करता है:

ना ही तुझे शर्म मेरे दुःख को औषधि दे सकती है;
हालांकि तू पछताए, फिर भी मेरा हानि है:
अपराधी का दु:ख केवल कमजोर साहाय्य प्रदान कर सकता है
उसके साथी अपराध के पार करने वाले के लिए।

  आह! लेकिन वह आँसू ही मोती हैं जो तेरा प्रेम बहाता है,
  और वे धनी हैं और सभी बुरे कार्यों को मुक्त करते हैं।"
"उस पर जो तूने किया है, उस पर और दुख ना करो:
गुलाबों में काँटे होते हैं, और चांदनी फव्वारे की गंदगी;
बादल और ग्रहण चांदनी और सूरज को कलंकित करते हैं,
और घृणास्पद केन्कर मिठे के सुंदर कोणे में रहता है।

सभी लोग चूकें करते हैं, और यहाँ तक कि मैं भी इसमें,
तुम्हारे अपराध को तुलना के साथ अधिकृत करके,
स्वयं को दूषित करते हुए, तुम्हारी ग़लती को ठीक करते हुए,
तुम्हारी गुनाहों को तुम्हारी गुनाहों से अधिक क्षमा करता हूँ;

क्योंकि तेरे इसेंसुअल दोष के लिए मैं इंद्रिय लाता हूं—
तेरा प्रतिपक्ष दल तुझे मुखरित करेगा—
और खुद के खिलाफ एक वैध प्राथमिकता शुरू करता हूँ:
मेरे प्रेम और घृणा में ऐसी नागरिक युद्ध है,

  कि मुझे एक सुकर्माणी बनना चाहिए
  उस मीठे चोर के लिए जो मेरे से खड़ा कर रहा है।"
"मुझे स्वीकार करने दो कि हम दोनों दो होना चाहिए,
हालांकि हमारा अभिन्न प्रेम एक है:
तो वह दाग जो मेरे साथ हैं, वह रहेंगे,
तुम्हारी मदद के बिना मेरे द्वारा अकेले उठाए जाएंगे।

हमारे दो प्रेमों में केवल एक सम्मान है,
हालांकि हमारे जीवनों में एक विभाज्य द्वेष है,
जो कि प्रेम के केवल प्रभाव को बदल नहीं देता,
लेकिन यह प्रेम की आनंद से मिठे घंटे चुरा लेता है।

मैं कभी तुझे पूर्णतः स्वीकार नहीं कर सकता,
मेरा दुखभरा अपराध तुझे शर्मिंदा कर सकता है,
ना ही तू मुझे सार्वजनिक भलाई से सम्मानित कर सकता है,
बिना तेरे नाम से उस सम्मान को लेने के बिना:

  लेकिन ऐसा मत करो; मैं तुझसे इस प्रकार प्रेम करता हूँ,
  कि तू मेरा होने पर, मेरी तुझे अच्छी रिपोर्ट है।"
"जैसे कि एक कुमार्गत पिता आनंद लेता है
अपने सक्रिय बच्चे को युवा के कार्यों को करते हुए,
तो मैं, भाग्य के सबसे प्यारे द्वेष से लंगड़ा हुआ,
तेरी मूल्य और सत्य का सभी आराम लेता हूँ।

क्योंकि सौंदर्य, जन्म, धन, या बुद्धिमता,
या इनमें से कोई भी, या सभी, या और,
तुम्हारे भागों में उपाधित हैं,
मैं अपने प्रेम को इस भंडार में समर्पित करता हूँ:

तो फिर मैं लंगड़ा, गरीब, नहीं तुच्छ हूँ,
जब तक यह छाया इतनी सत्य है कि
कि मैं तेरे प्रचुरता में पूरा हूँ,
और तुम्हारी सभी महिमा का हिस्सा जी रहा हूँ।

  देखो क्या सर्वश्रेष्ठ है, वह सर्वश्रेष्ठ मैं तुझमें कीच ता हूँ;
  यह इच्छा मेरी है, तो फिर मुझे दस गुना खुशियाँ हैं!"
"मेरी कल्पना को कैसे विषय की कमी हो सकती है,
जबकि तू मेरे काव्य में धरता है
अपने स्वीट विषय को, बहुत उत्कृष्ट है
प्रत्येक सामान्य कागज़ पर फिरने के लिए?

ओ! अगर मेरे बारे में कुछ भी
तुम्हारी दृष्टि के खिलाफ योग्य परुसल हो,
तो तुम्हें धन्यवाद दो;
क्योंकि कौन है ऐसा जो तुझे लिख नहीं सकता,

तुझे तू खुद आविष्कार देता है?
तेरा आविष्कार देने पर, जो भी मैं में है
तुझे अगला है, उसका धन्यवाद होना चाहिए।
तू दसवीं म्यूज़ हो, उससे दस गुना अधिक मूल्यवान,

उन नौटंकीवालों से जो कवियाँ बुलाते हैं;
और जो तुझे बुलाता है, उसे ले आना चाहिए
शाश्वत संख्या जो दीर्घकाल तक बरकरार रहे।

  अगर मेरी नीली म्यूज़ इन परिचर दिनों को अगर आनंदित करती है,
  तो दुख मेरा होगा, लेकिन प्रशंसा तेरी होगी।"
"ओ! मैं तेरे मूल्य की श्रेष्ठता को मैं कैसे गाऊं,
जब तू मेरे कुल में सबसे अच्छा हिस्सा है?
मेरे अपने प्रशंसा को मेरे अपने आत्म-प्रशंसा में क्या लाओ?
और मेरा क्या है जब मैं तुझे प्रशंसा करता हूं?

इसके लिए ही, हम विभाजित जीने की इजाज़त दो,
और हमारा प्यार एकल एक का नाम खो दे,
ताकि इस विभाजन के द्वारा मैं दे सकूँ
तुझे वह उचित करूँ जो तू अकेला योग्य है।

ओ अनुपस्थिति! तू कैसा तकलीफदेह साबित होगा,
अगर यह तेरा खट्टा खाली समय मिठी इजाज़त नहीं देता,
समय के विचारों के साथ प्रेम के विचारों के साथ समय को मनोरंजन करने के लिए,
जो समय और विचार इतनी मिठास से धोखा देते हैं।

  और तू यह सिखाता है कि एक को दो बनाने का तरीका,
  उसे यहां प्रशंसा करके जो यहां रहता है।"
"ले लो मेरे सभी प्रेम, मेरी जान, हाँ, उन सभी को ले लो;
तुझे तो पहले से अधिक क्या है?
नहीं प्रेम, मेरे प्रेम, जो तू सच्चा प्रेम कह सकता है;
सब मेरा वह था, पहले तूने इससे पहले।

फिर, अगर मेरे प्रेम के लिए तू मेरे प्रेम को प्राप्त करता है,
तो मैं तुझे दोषी नहीं ठहरा सकता, क्योंकि मेरा प्रेम तू इस्तेमाल करता है;
लेकिन फिर भी दोषी है, अगर तू खुद को धोखा देता है
जो खुद को जोर से स्वीकार करने का भी इंकार करता है।

मैं तुझे क्षमा करता हूँ, सौम्य चोर,
हालांकि तू मेरी सारी दरिद्रता को चुरा लेता है:
और फिर भी प्रेम जानता है कि यह एक बड़ी दुख है
प्रेम के ग़लत से बहुत, नकिर्त की चोट से ज्यादा।

  अश्लील कृपा, जिसमें सब बुरा अच्छा दिखता है,
  स्पाइट्स के साथ मुझे मार डालो; फिर भी हमें दुश्मन नहीं बनना चाहिए।"
"वे सुंदर ग़लतियाँ जो स्वतंत्रता करती है,
जब मैं कभी-कभी तेरे दिल से दूर होता हूँ,
तेरी सुंदरता, और तेरी उम्र ठीक से बनती है,
क्योंकि फिर भी प्रलोभन वहाँ होता है जहाँ तू है।

तू कोमल है, और इसलिए जीतने के लिए है;
तू सुंदर है, और इसलिए हमला करने के लिए है;
और जब एक महिला भीतर आती है, तो कौन
उसे खट्टा नहीं छोड़ेगा जब तक कि उसने विजय हासिल नहीं की है?

अय मे! लेकिन फिर भी तू मेरी सीट को बरकरार रख सकती थी,
और अपनी सुंदरता और भटकती युवा को डाट सकती थी,
जो तुझे उनके जुलूस में ले जा रहे हैं
जहाँ तूको एक दोहरी सत्य को तोड़ना पड़ता है:

  उसके द्वारा तुझे उसे आकर्षित करने के लिए,
  तेरे द्वारा उसकी सुंदरता के साथ मेरे प्रति असच्चा होना।"
"यह कि तेरे पास उसे है, यह मेरा सब दुःख नहीं है,
और तब भी कहा जा सकता है कि मैंने उसे दिल से प्यार किया था;
यह कि उसके पास तुम हो, यह मेरा प्रमुख रोना है,
प्रेम में हानि जो मुझे अधिक घेरती है।

मैं प्रेमी अपराधियों को इस प्रकार क्षमा करूँगा:
तू उससे प्यार करता है, क्योंकि तू जानता है कि मैं उससे प्यार करता हूँ;
और मेरे लिए उसने तुझे अपमान किया है,
मेरे लिए मेरी दोस्त को उसकी प्रशंसा करने के लिए सहन कर रही है।

अगर मैं तुझे हार दूँ, तो मेरा नुकसान मेरे प्रेम का लाभ है,
और उसे खोने पर, मेरी दोस्त ने उस हानि को पाई है;
दोनों एक दूसरे को पा लेते हैं, और मैं दोनों हार जाता हूँ,
और दोनों मेरे लिए इस क्रूस पर रखते हैं:

  लेकिन यहाँ खुशी है; मेरी दोस्त और मैं एक हैं;
  मीठी खुशामद! तो वह सिर्फ मुझसे ही प्रेम करती है।"
"जब मैं सबसे अधिक बिंक करता हूँ, तब मेरी आँखें सबसे अच्छी दिखती हैं,
क्योंकि पूरे दिन वे अपमानित चीज़ें देखती हैं;
लेकिन जब मैं सोता हूँ, तो ख्वाबों में वे तुझपर नज़र करती हैं,
और अंधेरे में चमकती हैं, अंधकार में प्रदर्शित होती हैं।

तब तू, जिसकी छाया छायाएँ उज्ज्वल बनाती हैं,
तेरी छाया का रूप हैपी शो कैसा बनाएगा
स्पष्ट दिन के लिए तेरे बहुत से स्पष्ट प्रकाश के साथ,
जब अनदेखी आंखों के लिए तेरी छाया इतनी चमकती है?

मैं कैसे कहूँ, मेरी आँखों को कैसे आशीर्वादित किया जाए
तुझपर जीवंत दिन में तुझे देखकर,
जब मृत रात में तेरी सुंदर अधूरी छाया
भारी नींद के माध्यम से बिना आंखों पर रुकी है?

  तुझे देखने तक सभी दिन रातें हैं,
  और जब ख्वाब मुझे तुझे दिखाते हैं, रातें उज्ज्वल दिन होती हैं।"
"अगर मेरी मांसपेशियों का कुछ भी विचार होता,
हानिकारक दूरी मेरे मार्ग को नहीं रोकती;
क्योंकि फिर दूर स्थित सीमा से मैं लाया जाता,
जहाँ तू रहती है।

तो कोई बात नहीं अगर मेरा पैर वहां खड़ा था
तेरे से दूर किए गए सबसे दूर धरती पर;
क्योंकि कुशल विचार समुद्र और भूमि दोनों को कूद सकता है,
जैसा कि वह जगह सोच सकता है जहां वह होना चाहिए।

लेकिन ओह! विचार मुझे मार देता है कि मैं विचार नहीं हूँ,
माइल्स के विशाल लंबाईयों को कूदने के लिए जब तू चली जाएगी,
लेकिन इतना भूमि और पानी ने काम किया,
मुझे अपनी शोक से समय की शान्ति में होना है;

  ऐसा तत्वों द्वारा कुछ भी प्राप्त नहीं कर रहा
  बल्कि भारी आंसू, दोनों की विशेषता।"
"दूसरे दो, हल्का हवा और शुद्ध कीटाणु,
दोनों तेरे साथ हैं, जहाँ भी मैं रहता हूँ;
पहला मेरा विचार, दूसरा मेरी इच्छा,
इनका वर्तमान-अभ्यन्तर तेज गति से स्लाइड करता है।

क्योंकि जब ये तेज़ तत्व चले जाते हैं
तुझसे प्रेम की कोमल दूतवाहिका में,
मेरा जीवन, चार से बना हुआ, दो के साथ ही
मेल करके मेल करता है, दुख से अबाधित;

जब तक जीवन का योजना सुधारी न जाए
तुझसे लौटकर वापसी करने वालों द्वारा,
जो अभी-अभी मेरे पास आकर सुनिश्चित हुए
तेरी सुंदर स्वास्थ्य की, इसे मेरे सामने बयां करते हैं:

  इसे बताते हुए, मुझे आनंद है, लेकिन तब और खुश नहीं,
  मैं उन्हें फिर से भेजता हूँ, और तुरंत उदास हो जाता हूँ।"
"मेरी आँख और दिल एक मृत्यु युद्ध में हैं,
तेरी दृष्टि की विजय कैसे बाँटूं;
मेरी आँख मेरा दिल तेरे चित्र की दृष्टि को बाधित करेगी,
मेरा दिल मेरी आँख उस अधिकार की स्वतंत्रता को।

मेरा दिल यह दावा करता है कि तू उसमें है,
(कभी भी क्रिस्टल आंखों से छेदित नहीं हुआ कमरा)
लेकिन रोगी उस दावा को नकारता है,
और कहता है कि उसमें तेरा सुंदर रूप है।

इस शीर्षक को तय करने के लिए एक चर्चा लगाई गई है
विचारों की खोज, जो सभी हृदय के किरायेदार हैं,
और उनके निर्णय द्वारा तय होता है
स्पष्ट आंख का अर्धांश, और प्रिय हृदय का हिस्सा:

  जैसा कि ऐसा; मेरी आँख का हक़ तेरा बाह्य हिस्सा है,
  और मेरे दिल का सही, तेरा हृदय का आंतरिक प्रेम।"
"मेरी आँख और दिल के बीच एक समझौता हो गया है,
और प्रत्येक अब एक दूसरे के लिए अच्छा काम करता है:
जब मेरी आँख एक झलक के लिए भूखा होती है,
या दिल में आत्म-भक्ति से अपना आत्मा दबा लेता है,

तो मेरी आँख मेरे प्रेम की छवि से भोग करती है,
और रंगीन भोज को मेरे दिल को आमंत्रित करती है;
एक और समय मेरी आँख मेरे दिल का मेहमान है,
और उसके प्रेम के विचारों में भागीदारी करती है।

तो, तेरी तस्वीर या मेरे प्रेम द्वारा,
तू हमेशा मेरे साथ है;
क्योंकि तू मेरी सोचों से दूर नहीं जा सकती,
और मैं उनके साथ हूँ, और वे तेरे साथ हैं;

  या अगर वे सो जाएं, तो मेरी आँखों में तेरी तस्वीर
  अपने दिल को दिल और आँखों की आनंद में जगाती है।"
"मैं कितना सावधान था, जब मैंने अपना रास्ता बनाया,
हर छोटी बात को सबसे सत्य बार में धकेलने के लिए,
ताकि मेरे उपयोग के लिए यह अव्याय रहे
झूठ के हाथों से, निश्चित विश्वास के सुरक्षित द्वारों में!

लेकिन तू, जिसे मेरे गहने छोटी बातें हैं,
सबसे अच्छा सांत्वना, अब मेरी सबसे बड़ी दुख,
तू, सबसे अच्छा प्रिय और मेरी केवल देखभाल,
हर सामान्य चोर की शिकार छोड़ा गया है।

मैंने तुझे किसी बक्से में बंद नहीं किया है,
जहां तू नहीं है, हालांकि मैं महसूस करता हूँ कि तू है,
मेरे स्तन की कोमल बंदी के अंदर,
जहां से तू अपनी इच्छा के अनुसार आ सकती है और जा सकती है;

  और यहीं से मैं डरता हूँ कि तू चुराई जाएगी,
  क्योंकि सच्चाई इतनी मूल्यवान पुरस्कार के लिए चोर हो जाती है।"
"उस समय के खिलाफ, यदि कभी वह समय आए,
जब मैं तुझपर अपनी दोषों की मुँह दिखाई देगा,
जब तेरा प्रेम अपनी अधिकतम योगदान को हानि हो गया है,
सोच-विचार के माध्यम से उस मुक़ाबले के लिए;

उस समय के खिलाफ जब तू अजीब तरीके से चलेगा,
और उस सूर्य जैसे आंख से मुझे लगभग अभिवादन नहीं करेगा,
जब प्रेम, जो किसी चीज से बदल गया हो,
स्थायी गुरुत्व के कारण का पता लगाएगा;

उस समय के खिलाफ, मैं यहाँ छिपा हूँ,
अपनी खुद की जानकारी के भीतर,
और यह मेरा हाथ खुद को उठाता है,
तेरी ओर से कानूनी कारणों की रक्षा करने के लिए;

  मेरे को छोड़ने के लिए, तुझे कानून की शक्ति है,
  क्योंकि मैं प्रेम के लिए कोई कारण नहीं दे सकता।"
"मैं रास्ते पर कितना भारी हूँ,
जब मैं जो खोज रहा हूँ, मेरी थकी हुई यात्रा का समापन,
वह सिखाता है कि आराम और विश्राम कहने के लिए,
'इस तरह मील तेरे दोस्त से मापी गई है!'

जो जानवर मुझे ले जाता है, मेरे दुख से थका हुआ,
उसने मेरे अंदर उस वजन को बोझित करने के लिए धीमा कदम बढ़ाया,
जैसे कि कुछ अंतर्निहित बुद्धिमत्ता से दुर्बल ने जाना है
कि उसका यात्री चाल को पसंद नहीं करता, तू से बना है।

रक्तित स्पर उसे आगे बढ़ाने में सक्षम नहीं है,
जो कभी-कभी क्रोध उसकी खाल में धकेलता है;
जिसका वह दुख से उत्तर देता है,
मेरे लिए उसके पार्श्व की तुलना में अधिक तीक्ष्ण;

  क्योंकि वही ग्रोन मेरी इस बात को मेरे मन में डालता है,
  मेरा दुःख आगे है, और मेरा आनंद पीछे है।"
"इस प्रकार मेरा प्रेम मेरी निर्धन अपराध क्षमा कर सकता है
मेरे धीरे-धीरे चलने वाले की, जब मैं तुझसे दूर चला जाता हूँ:
तुझसे दूर क्यों होना चाहिए मुझे?
जब तक मैं वापस नहीं आता, फिर तेजी से कोई आवश्यकता नहीं है।

ओ! मेरे गरीब जानवर को फिर कौन सी क्षमा मिलेगी,
जब तेज़ अवस्था को धीमी होने का दृष्टांत हो सकता है?
तब मुझे कूदना चाहिए, हवा पर चढ़ा होने के बावजूद;
पंखों वाली गति में मुझे कोई चाल नहीं मिलेगी।

तब मेरी इच्छा को कोई घोड़ा नहीं रख सकता,
इसलिए इच्छा, पूर्ण प्रेम की बनाई गई,
उसकी आग दौड़ में (कोई कुंजी नहीं) नाचेगा;
लेकिन प्रेम, प्रेम के लिए, मेरे गदे को इस क्षमा करेगा:

  क्योंकि तुझसे जा रहे वह इच्छाशक्ति-धीमा गया,
  तेरी ओर मैं दौड़ूंगा, और मुझे उसे जाने की छूट देने का आदान-प्रदान करूंगा।"
"इसलिए मैं धनी जो किसी के धन्य कुंजी की तरह हूँ,
जो उसे उसके मिठे ताले की खजाने में ले जा सकती है,
जिसे उसने हर घंटे नहीं देखेगा,
क्योंकि बार-बार आने से कमजोर आनंद की तीक्ष्ण बिंदु को।

इसलिए उत्सव इतने साक्षात्कारपूर्ण और इतने दुर्लभ हैं,
क्योंकि वह इस लंबे साल में कभी-कभी आता है,
मूल्यवान पत्थरों की तरह वे धीरे-धीरे रखे जाते हैं,
या हार में कप्तान मणि।

इसलिए समय है जो तुम्हें मेरे संग रखता है,
या जैसा कि वस्त्रालय जिसमें वस्त्र छिपा होता है,
किसी विशेष समय को विशेष-धन्य बनाने के लिए,
उसके बंद प्रमाण को नए खुलने से।

  तुम्हारे योग्यता जो स्थान देती है,
  प्रशंसा करने के लिए प्राप्त होने पर, आशा के लिए अभाव के लिए।"
